video_id,search_keyword,comment_id,comment_date,username,nickname,comment_text,likes,reply_count,video_url
7680762769238478087,Hamenang,7680839609634964240,2026-09-02 14:40:45,fidaertiga,ˑ 𓈒 𐔌 f¡dª  ͡꒱ ۫,tadi aku menyambut pak,1,1,https://www.tiktok.com/@mas.hamenang/video/7680762769238478087
7680762769238478087,Hamenang,7680845405500523285,2026-09-02 15:03:23,tegaraja686,Tegaraja,tadi aku menyabut kak aku sd n 2 mayungan,0,0,https://www.tiktok.com/@mas.hamenang/video/7680762769238478087
7680762769238478087,Hamenang,7680845332821099281,2026-09-02 15:03:17,vit.702,V,Saya nunggu di sini sama murid-murid tadi mas Ham 🤭🤭,0,0,https://www.tiktok.com/@mas.hamenang/video/7680762769238478087
7680762769238478087,Hamenang,7680831576171594517,2026-09-02 14:09:40,walu.cheng363,Walu Cheng,Aq tadi liyat... di karanganom..🥰🥰,0,1,https://www.tiktok.com/@mas.hamenang/video/7680762769238478087
7680762769238478087,Hamenang,7680821306699023122,2026-09-02 13:29:43,hanavitakurniawan,onylnad,itu sampe sdn 2 karangan,0,0,https://www.tiktok.com/@mas.hamenang/video/7680762769238478087
7680762769238478087,Hamenang,7680842913027670792,2026-09-02 14:53:36,adindawardani81,adindawardani81,team yang ini jalan smpe mana ya,0,0,https://www.tiktok.com/@mas.hamenang/video/7680762769238478087
7680762769238478087,Hamenang,7680809392896017160,2026-09-02 12:43:28,ratifa474,ぁちふぁ,ini yang tadikan,6,0,https://www.tiktok.com/@mas.hamenang/video/7680762769238478087
7680762769238478087,Hamenang,7680836187276329735,2026-09-02 14:27:32,cariapanyak6,?,aku tadi ketemu pas aku drumben semangat ya kakak kakak,0,0,https://www.tiktok.com/@mas.hamenang/video/7680762769238478087
7680762769238478087,Hamenang,7680831815133233927,2026-09-02 14:13:28,adinda2_11,🕷️,ini yang lewat tadi kannnnnnn😂🤣🤣😄😄😍😍😍😍😍😍😍😍,0,0,https://www.tiktok.com/@mas.hamenang/video/7680762769238478087
7680762769238478087,Hamenang,7680835614685774593,2026-09-02 14:25:07,vitri_dps12,VIP,tadi lewat koplak andong Karanganom rame bgt👌,0,0,https://www.tiktok.com/@mas.hamenang/video/7680762769238478087
7680762769238478087,Hamenang,7680835680897729301,2026-09-02 14:25:33,shasyah329,onlysha🤪,aku jadi bagian cabang ngawen,0,0,https://www.tiktok.com/@mas.hamenang/video/7680762769238478087
7680762769238478087,Hamenang,7680785008395731730,2026-09-02 11:08:51,siti.utari59,siti utari,"kemarin lewat daerah Manyaran kabupaten Wonogiri, kami jadi pagar betis",2,0,https://www.tiktok.com/@mas.hamenang/video/7680762769238478087
7680762769238478087,Hamenang,7680801700235772680,2026-09-02 12:13:40,akuniniudahdiblokir0,𝓱𝓪𝓲,aku tadi juga liat,3,0,https://www.tiktok.com/@mas.hamenang/video/7680762769238478087
7680762769238478087,Hamenang,7680840404703560466,2026-09-02 14:43:51,yoikisya2910,isya,siap Klaten sudah finish pak,0,0,https://www.tiktok.com/@mas.hamenang/video/7680762769238478087
7680762769238478087,Hamenang,7680834937616253716,2026-09-02 14:22:43,calvinprabowo,rellzz,mohon doanya utk atlet taekwondo yg berjuang di popda provinsi jawa tengah,0,0,https://www.tiktok.com/@mas.hamenang/video/7680762769238478087
7680762769238478087,Hamenang,7680837038330069780,2026-09-02 14:35:15,mbah_fendi91,mbahfendi91,"2009/2010 pernah berada di posisi leader teman² SMK SWADAYA KLATEN 🥰🔥
semangat adek adek ku semua... 🔥🔥🔥",0,0,https://www.tiktok.com/@mas.hamenang/video/7680762769238478087
7680762769238478087,Hamenang,7680827147695325973,2026-09-02 13:52:34,cootaeie.plenger,cootaeie plenger,tadi aku tampil nari,0,0,https://www.tiktok.com/@mas.hamenang/video/7680762769238478087
7680762769238478087,Hamenang,7680805864073560839,2026-09-02 12:29:53,dwis3053,dwis3053,Ketemu di stasiun,0,0,https://www.tiktok.com/@mas.hamenang/video/7680762769238478087
7680762769238478087,Hamenang,7680831780114711297,2026-09-02 14:10:16,dinar.putri75,𝓨𝓤𝓝~,td aku jugaa🤭,0,0,https://www.tiktok.com/@mas.hamenang/video/7680762769238478087
7680762769238478087,Hamenang,7680820444010660624,2026-09-02 13:26:17,mamah.icha5,*mamah chacha*,"selamat bertugas,tugasku sudah purna kemarin",0,0,https://www.tiktok.com/@mas.hamenang/video/7680762769238478087
7678399199519591700,Hamenang,7678662590047224583,2026-08-27 17:52:56,hamenangofficial,Hamenang Wajar Ismoyo,Thanks bestiku sudah mampir Klaten 😎,1381,7,https://www.tiktok.com/@adhitlive/video/7678399199519591700
7678399199519591700,Hamenang,7678405271244964629,2026-08-27 01:14:21,ainayamakeup,Ainayamakeup | MUA Klaten,kok yo betah men ning klaten😭,4522,24,https://www.tiktok.com/@adhitlive/video/7678399199519591700
7678399199519591700,Hamenang,7678401569150386965,2026-08-27 00:59:52,orangpentingbgt,urbabyy🐣,Pas bali pas” an ro aku adit numpak dishub anjir😭,1732,5,https://www.tiktok.com/@adhitlive/video/7678399199519591700
7678399199519591700,Hamenang,7678549251350135572,2026-08-27 10:33:04,sitirrrah,tiramissyou,Jane ndelik nandi kok ra tau petuk adit🙏😭,212,2,https://www.tiktok.com/@adhitlive/video/7678399199519591700
7678399199519591700,Hamenang,7678477832432419591,2026-08-27 05:56:07,ma.urrrr,maura fotbar sama mas amir,hee dit neng rowo cepetan,137,7,https://www.tiktok.com/@adhitlive/video/7678399199519591700
7678399199519591700,Hamenang,7678428495215411988,2026-08-27 02:44:25,infonongkrongklaten_,infonongkrongklaten_,yaallah pengen kenalan kro mas e iki 😭,1,13,https://www.tiktok.com/@adhitlive/video/7678399199519591700
7678399199519591700,Hamenang,7678402145419346708,2026-08-27 01:02:11,.unf0rg3ttxble._,asjkhkswkawok,ra ketemu yankk💜😓😓,58,2,https://www.tiktok.com/@adhitlive/video/7678399199519591700
7678399199519591700,Hamenang,7678684759133192978,2026-08-27 19:18:47,sahabatfatimahobic,Coach Imma,kita juga bestiii yaa🤗🥰ah ramah bgt. sukses sll yaaa,7,4,https://www.tiktok.com/@adhitlive/video/7678399199519591700
7678399199519591700,Hamenang,7678406784387171073,2026-08-27 01:20:39,beben_ii,browngirl,adit tosdon w/bupatikuuuu😭,65,2,https://www.tiktok.com/@adhitlive/video/7678399199519591700
7678399199519591700,Hamenang,7678744170818781960,2026-08-27 23:09:15,tytoen_modiste,tytoen_modiste,Gara gara ndx aku lagi ngerti bocah iki😁,0,1,https://www.tiktok.com/@adhitlive/video/7678399199519591700
7678399199519591700,Hamenang,7678399921300898578,2026-08-27 00:53:26,ervinadestrii,𝑒𝓇𝓋𝒾𝓃𝒶𝒹𝑒𝓈𝓉𝓇𝒾𝒾୨ৎ,asem neng klaten,35,3,https://www.tiktok.com/@adhitlive/video/7678399199519591700
7678399199519591700,Hamenang,7678483013185880839,2026-08-27 06:16:09,aldila.aulia,Aldila Aulia,Yokkks ikii best😍,14,2,https://www.tiktok.com/@adhitlive/video/7678399199519591700
7678399199519591700,Hamenang,7678472568642323208,2026-08-27 05:35:30,nov.mand4,manda𓂀,jinguk kok ra ketemu to yank😭,10,1,https://www.tiktok.com/@adhitlive/video/7678399199519591700
7633944272877767944,Hamenang,7634962923668357889,2026-05-01 23:35:54,inspirasi179,inspirasi,"yang saya lihat mas bup sudah berniat baik menyelrsaikan, anggaran sdh di cadangkan, tp suntikan modal dari APBD terkendala aturan.",1,3,https://www.tiktok.com/@silet.id/video/7633944272877767944
7633944272877767944,Hamenang,7634833424805397264,2026-05-01 15:13:14,endang_1962,Endang Widi Hadi,kasihan mas bup.. menjabat baru setahun.. sdh dihadapkan pd kasus seperti ini😳,1,4,https://www.tiktok.com/@silet.id/video/7633944272877767944
7633944272877767944,Hamenang,7671264896794034945,2026-08-07 19:26:23,hariyanto34150,Hariyanto,"sing dibutuhke kui solusi ne piye duit balik mas bupati...
panjenengan dadi pemimpin harus ngasih solusi bukan teori mas..
soale iku badan usaha milik pemkab klaten. moso pemimpin ora bisa ngasih roso keamanan kenyamanan.
kui tugas pemimpin mas.",0,0,https://www.tiktok.com/@silet.id/video/7633944272877767944
7633944272877767944,Hamenang,7634161831418692373,2026-04-29 19:47:09,hidayat99978,rida,mg mas bup.sll sehat.sll di lindungi Allah.tetap semangat mas.doa ku sll,2,0,https://www.tiktok.com/@silet.id/video/7633944272877767944
7633944272877767944,Hamenang,7635326631686865685,2026-05-02 23:07:07,agha.teguh,agha teguh,"Gubernur jg lama respon nya, ini kan saham terbesar provinsi, lembaga keuangan ini memang udah sejak puluhan th gak beres",0,0,https://www.tiktok.com/@silet.id/video/7633944272877767944
7633944272877767944,Hamenang,7635691582821761810,2026-05-03 22:43:15,evon.hr,evon.hr,fungsi LPS apa??,0,0,https://www.tiktok.com/@silet.id/video/7633944272877767944
7633944272877767944,Hamenang,7634711544236540679,2026-05-01 07:20:29,anesakm,Anesa KM,"Welah mas bup nasabah kie gue jaluk duite ojo mok sambung2 kambi politik mu,,",2,3,https://www.tiktok.com/@silet.id/video/7633944272877767944
7633944272877767944,Hamenang,7633974066546295572,2026-04-29 07:38:44,legosarehpramono6,Lego Sareh Pramono,"dimana goreng nya.... jika masalah politik,, bagaimana ketika APBD provinsi dan kabupaten digedok buat modal BKK....opo jenenge kui.. goreng tanpa minyak po",0,0,https://www.tiktok.com/@silet.id/video/7633944272877767944
7633944272877767944,Hamenang,7635073319037371144,2026-05-02 06:44:16,aficena,Rafif,gur wasis omongane,2,0,https://www.tiktok.com/@silet.id/video/7633944272877767944
7633944272877767944,Hamenang,7634418735058780949,2026-04-30 12:24:07,sidemsidem11,sidemsidem11,"yang penting duwite nasabah iso bali pak Bupati, piye carane mesakno rakyat cilik arep nggo byar Sekolah..",2,0,https://www.tiktok.com/@silet.id/video/7633944272877767944
7633944272877767944,Hamenang,7635187364067214087,2026-05-02 14:06:40,sudadi607_klaten,sudadi607_klaten,Seyogyanya uang masyarakat/penabung segera saja diberesi dikembalikan dengan istilahnya talangan ato apa bentuknya. Baru dibenahi ato diselesaikan benang kusutnya.,1,0,https://www.tiktok.com/@silet.id/video/7633944272877767944
7633944272877767944,Hamenang,7634785251164783361,2026-05-01 12:06:26,aries.7_,Mas Aris07,the gedabrus,1,0,https://www.tiktok.com/@silet.id/video/7633944272877767944
7633944272877767944,Hamenang,7636045347946021653,2026-05-04 21:36:14,suhardi.toha,Suhardi Toha,caramu gawe payung hukum piye,0,0,https://www.tiktok.com/@silet.id/video/7633944272877767944
7633944272877767944,Hamenang,7635849122680996628,2026-05-04 08:54:54,haidharaf,haidhar boomers,Intine ya rezim sri mulyani,0,0,https://www.tiktok.com/@silet.id/video/7633944272877767944
7633944272877767944,Hamenang,7635691047569801992,2026-05-03 22:41:07,evon.hr,evon.hr,"bkk klaten
kriminalisasi klatos
itu dulu coba diurusin..",0,0,https://www.tiktok.com/@silet.id/video/7633944272877767944
7633944272877767944,Hamenang,7635319593062400788,2026-05-02 22:39:50,anafatonah84,anafatonah84,pemimpin yg dulu juga harus diperiksa,0,0,https://www.tiktok.com/@silet.id/video/7633944272877767944
7633944272877767944,Hamenang,7634173856257229589,2026-04-29 20:33:45,user4786145058144,@bharataputra01,kenapa payung hukum nya bisa belinet lha dulu mau mendirikan apakah ijin e cuma kulo nuwun saja ???,0,0,https://www.tiktok.com/@silet.id/video/7633944272877767944
7633944272877767944,Hamenang,7634147119926395666,2026-04-29 18:49:57,onostock18,ONOstok🛒,"bank milik pemerintah daerah, jd pemerintah daerah hrs tanggungjawab",2,2,https://www.tiktok.com/@silet.id/video/7633944272877767944
7633944272877767944,Hamenang,7635230686073373460,2026-05-02 16:54:55,pakupik3,prianto saja,lha terus OJK gunanya apa itu.semua perbankan kan dibawah naungan OJK.coba tuntut OJK kok seakan lepas tanggung jawab,0,1,https://www.tiktok.com/@silet.id/video/7633944272877767944
7633944272877767944,Hamenang,7646185575121273616,2026-06-01 05:26:19,iswanti_2,iswanti_,😁😁😁,0,0,https://www.tiktok.com/@silet.id/video/7633944272877767944
7585412814798425364,Hamenang,7585421853146579730,2025-12-19 11:31:04,soulking2704,Soul,isoh2he sing due proyek mantau malah diseneni😭,270,2,https://www.tiktok.com/@hamenangofficial/video/7585412814798425364
7585412814798425364,Hamenang,7586129306624819988,2025-12-21 09:16:26,angkringanmbahnino,angkringan Mbah nino,pasar surowono bibar dibangun sakmeniko trontone sampun lewat Malih pak nopo memang diperbolehkan,1,2,https://www.tiktok.com/@hamenangofficial/video/7585412814798425364
7585412814798425364,Hamenang,7585505415997735701,2025-12-19 16:55:23,nirmalajayateknik,Nirmala Jaya Teknik,aspal e dalan rowo ga Roto pak nek hujan banyune ngembeng,80,6,https://www.tiktok.com/@hamenangofficial/video/7585412814798425364
7585412814798425364,Hamenang,7585415419855569672,2025-12-19 11:06:05,firman55582,firrrr,perkiraannya di buka untuk umum kapan pak?,3,1,https://www.tiktok.com/@hamenangofficial/video/7585412814798425364
7585412814798425364,Hamenang,7585439185835983634,2025-12-19 12:38:20,fvckkup,A,"Taman e bubrahke wae pak, stadion minim parkiran",6,2,https://www.tiktok.com/@hamenangofficial/video/7585412814798425364
7585412814798425364,Hamenang,7585419888086254354,2025-12-19 11:23:27,ganzzzco,❗,pak tambah Tribun nya,39,2,https://www.tiktok.com/@hamenangofficial/video/7585412814798425364
7585412814798425364,Hamenang,7585539753383101202,2025-12-19 19:08:30,putri._762,Putri,Kantor damkar pak kmrn lewat belom jadi total,1,1,https://www.tiktok.com/@hamenangofficial/video/7585412814798425364
7585412814798425364,Hamenang,7586320199155352337,2025-12-21 21:37:00,agus_feriyanto91,Agus Feriyanto,yen uwit uwitane niku dipangkas semua gimana mas bupati ben stadione resik ra okeh godong..,1,1,https://www.tiktok.com/@hamenangofficial/video/7585412814798425364
7585412814798425364,Hamenang,7587469516885607189,2025-12-24 23:57:05,wenduth_04,anand collection,"pak bikin tempat olahraga buat skater ta pak...mosok nggak punya tempat klo latihan... skaters Klaten nya menangis di pojokan... klo latihan mosok ke Jogya,solo br ada tempatnya...",1,1,https://www.tiktok.com/@hamenangofficial/video/7585412814798425364
7585412814798425364,Hamenang,7586515635410895623,2025-12-22 10:15:33,trihandono480,Hans Rupidara,sayang lahan belakang Stadion tidak di beli buat pemekaran Stadion dan kendala tidak ada lahan parkir yg menadai,2,2,https://www.tiktok.com/@hamenangofficial/video/7585412814798425364
7585412814798425364,Hamenang,7585458792960623368,2025-12-19 13:54:23,farelfernanda74,FRLF,"tiang benderanya dicopot aja Pak, lebih baik punya stadion yang ukurannya kecil seperti ini tapi sudah berstandar liga 1",9,1,https://www.tiktok.com/@hamenangofficial/video/7585412814798425364
7585412814798425364,Hamenang,7586152496109781780,2025-12-21 10:46:23,knct403,꧁𝐊𝐧𝐜𝐭꧂,"gawene isoh pak, perawatane sing angel, cubo sepatu arep lewat dadak dicek, sing arep bal balan dadak nglewati jalur, yen arep jupuk bal metu dadak ngllewati jalur,gawe regulasi perawatane sisan pak,",1,1,https://www.tiktok.com/@hamenangofficial/video/7585412814798425364
7585412814798425364,Hamenang,7586310046251238161,2025-12-21 20:57:37,afiifah_0903,AFIIFAH,"udah pasti BUPATI ANTI KORUPSI soalnya saya liat mas bupati banyak perbaikan jalan,dan mengupgrade fasilitas2 warganya yg ada di klaten langsung action tanpa menunggu embleh2 waktu akhirnya zonk",3,0,https://www.tiktok.com/@hamenangofficial/video/7585412814798425364
7585412814798425364,Hamenang,7586969075834749697,2025-12-23 15:35:02,andryridhosnack,Andry Ridho Snack,iki baru bupatiku.....ora sia sia aku nyoblos tanpa uang 50rb.....mugi mugi koyo pak jokowi.....koyo pak dedi mulyadi....aamiin.,2,0,https://www.tiktok.com/@hamenangofficial/video/7585412814798425364
7585412814798425364,Hamenang,7586163771640513298,2025-12-21 11:30:05,aliansi_suporter_klaten,ALASKA KLATEN,ALL OUT🔥 #NYAWIJI,4,0,https://www.tiktok.com/@hamenangofficial/video/7585412814798425364
7585412814798425364,Hamenang,7586347431950336775,2025-12-21 23:22:48,smdr4_8,𝕤𝕒𝕞𝕦𝕕𝕣𝕒_,lapangan e di gae standar fifa pak🔥,2,0,https://www.tiktok.com/@hamenangofficial/video/7585412814798425364
7585412814798425364,Hamenang,7587080506564920071,2025-12-23 22:47:29,xtfnaryz1921,𝕳𝕽𝕴𝔸ℕ𝕁𝔸𝕐🥷,gari tribun tambahan karo lampu malam wes josjis pak,2,0,https://www.tiktok.com/@hamenangofficial/video/7585412814798425364
7585412814798425364,Hamenang,7585441186425455377,2025-12-19 12:46:02,jurnalklaten,jurnalklaten,"wah sing nyeneni Mas Bup kui py, mesti mau ra melu koordinasi 😂",1,0,https://www.tiktok.com/@hamenangofficial/video/7585412814798425364
7585412814798425364,Hamenang,7586487557530059528,2025-12-22 08:26:33,ris_hris,IG: @ris_hriss,rowo di jembar ke dalan e yo gur dinggo parkir pak malah soyo macet,1,0,https://www.tiktok.com/@hamenangofficial/video/7585412814798425364
7585412814798425364,Hamenang,7586315491033105168,2025-12-21 21:21:51,ilo.inno,ilo inno,Pak Bupati sy ya mau pak sepeda lipat biar klo plng skolah g jlan kaki menuju stasiun jg dari stasiun ke ceper k pedan jalan kaki.Amin doa terkabul🙏,1,0,https://www.tiktok.com/@hamenangofficial/video/7585412814798425364
7585412814798425364,Hamenang,7605408843187159824,2026-02-11 08:11:01,trondoltrondool,trondoltrondool,mbok jlan dri lapangan rndulanang arah beteng itu dibetulin pak udah kayak kali asat,1,0,https://www.tiktok.com/@hamenangofficial/video/7585412814798425364
7585412814798425364,Hamenang,7585466868393296647,2025-12-19 14:25:47,fendihermawan03,pee......N...🤟,"di adakan lomba sepak bola antar kecamatan pak...
biar yang punya bakat sepak bola,,bisa berkembang.",3,0,https://www.tiktok.com/@hamenangofficial/video/7585412814798425364
7585412814798425364,Hamenang,7587002444232737537,2025-12-23 17:46:15,xbcdfttyd,bacic,trikoyo di gawe koyo GBK pak🤭🤭🤭,2,0,https://www.tiktok.com/@hamenangofficial/video/7585412814798425364
7585412814798425364,Hamenang,7585535658971661077,2025-12-19 18:52:42,rizkiadnti,𝚛𝚊𝚒𝚍.,"pak dibuat sprti lapangan pemda sleman itu loh, ada alat olahraganya di",1,0,https://www.tiktok.com/@hamenangofficial/video/7585412814798425364
7585412814798425364,Hamenang,7591331388299150088,2026-01-04 09:43:13,dikyfunnnnn,D_ky,tambah tribun jogging trek hilangiin,0,0,https://www.tiktok.com/@hamenangofficial/video/7585412814798425364
7585412814798425364,Hamenang,7591356502733947665,2026-01-04 11:20:31,andhikaji_,Ka1,"Mending tambahin kapasitas tribun pak ,biar suporter bisa masuk banyak, bisa buat pemasukan juga setiap match home, tribun vip, utara dan selatan",0,0,https://www.tiktok.com/@hamenangofficial/video/7585412814798425364
7585412814798425364,Hamenang,7585442779476902664,2025-12-19 12:52:13,abs.audio74,ABSBTGSUA,joging bareng pakk,2,0,https://www.tiktok.com/@hamenangofficial/video/7585412814798425364
7585412814798425364,Hamenang,7601505216395264786,2026-01-31 19:44:08,anonimouzzss,anonimmousz,"coba ningali divisi bawah inggris pak mini stadionya simpel modern cakep""",0,0,https://www.tiktok.com/@hamenangofficial/video/7585412814798425364
7585412814798425364,Hamenang,7585486159453012737,2025-12-19 15:40:46,manggaaamudaa,Kiki🧚,bupati disengeni🤣,5,0,https://www.tiktok.com/@hamenangofficial/video/7585412814798425364
7585412814798425364,Hamenang,7585450851414819605,2025-12-19 13:23:32,warsitining81,Warsitining'81,Lapangan purwakrida dompol Kemalang boleh gak sih pak minta disediain toilet☺️🙏,5,0,https://www.tiktok.com/@hamenangofficial/video/7585412814798425364
7585412814798425364,Hamenang,7591511035686535943,2026-01-04 21:20:06,bangkelus,CILOugK Baaa (+62)☑️,"pak playground alun"" lantainya juga ganti karet pak biar kaya di semarang 🤩 Bismillah ACC",0,0,https://www.tiktok.com/@hamenangofficial/video/7585412814798425364
7585412814798425364,Hamenang,7607738116955554576,2026-02-17 14:49:52,antok.sugiarto95,Antok sugiarto,mas bupati ...kapan jln Pendem Bawak keselatan diperbaiki...jlnnya g bisa dilewati sampai SD kedungampel 1... Monggo dicek mas bupati,0,0,https://www.tiktok.com/@hamenangofficial/video/7585412814798425364
7585412814798425364,Hamenang,7617682857251635989,2026-03-16 10:00:25,joannagunawan2,jojo,yang diluar stadion ada pak?,0,0,https://www.tiktok.com/@hamenangofficial/video/7585412814798425364
7585412814798425364,Hamenang,7588493077142471444,2025-12-27 18:09:02,si.qu7,ChristinRin,"Wingi ak rono MAs bup, tapi urung dadi mas bup. Padahal wes ready arep playon",0,0,https://www.tiktok.com/@hamenangofficial/video/7585412814798425364
7585412814798425364,Hamenang,7585489995679433479,2025-12-19 15:55:23,dennyismawan540,Denny92,ligane diundur pak taun ngarep,1,0,https://www.tiktok.com/@hamenangofficial/video/7585412814798425364
7585412814798425364,Hamenang,7605276575118902034,2026-02-10 23:37:29,redmienama881,beenjo,sehat sehat mas hamenang bangga aku dengan panjenengan bupati klaten jooos pokok e.bawa Klaten lebih maju makmur sejahtera 🙏🙏,0,0,https://www.tiktok.com/@hamenangofficial/video/7585412814798425364
7585412814798425364,Hamenang,7585508247785390856,2025-12-19 17:06:16,education.mastery,Education Mastery,besok Grand Openinge njenengan+staff joging 100 putaran pak. 😁😁😁 gayeng wis..,1,0,https://www.tiktok.com/@hamenangofficial/video/7585412814798425364
7585412814798425364,Hamenang,7585494323627737874,2025-12-19 16:12:19,azk_12345678910,Azk*❔❓❓,"lapor pak sppg Kardirejo mbok di aktifkan lagi,,, sudah satu Minggu berhenti",1,0,https://www.tiktok.com/@hamenangofficial/video/7585412814798425364
7585412814798425364,Hamenang,7585505449027896071,2025-12-19 16:55:22,ibuukiaaa,𐙚𝙮𝙪𝙨𝙣𝙞𝙖'𝙨𐙚,"pak bupati, simbah saya datanya dikelurahan tidak ada. pihak kelurahanpun tiap saya tanya selalu dilempar sana sini. padahal saya mau aktifkan bpjs simbah yg dinonaktifkan agar bisa digunakan lagi. adakah saran dari pak bupati terkait hal ini ?",5,0,https://www.tiktok.com/@hamenangofficial/video/7585412814798425364
7585412814798425364,Hamenang,7585453996967772936,2025-12-19 13:35:48,narahma___,nara,warga klaten makin sehat,1,0,https://www.tiktok.com/@hamenangofficial/video/7585412814798425364
7585412814798425364,Hamenang,7585475389921755912,2025-12-19 14:58:44,athermawan,PAPAE AL,"kasih lampu pak, ben saged night run🤘",1,0,https://www.tiktok.com/@hamenangofficial/video/7585412814798425364
7576995535719058708,Hamenang,7577296364553454344,2025-11-27 14:00:02,rinduecuteindo,Rinduecute Indo,kita selisih sethn lho mas...tp sampeyan wis sukses sedangkn aqu cm irt byk anak 😭..,12,2,https://www.tiktok.com/@hamenangofficial/video/7576995535719058708
7576995535719058708,Hamenang,7577091003446952722,2025-11-27 00:43:05,aisyahcant06,aiscant,selamat ulang tahun geh BPK bupati hamenang smga panjang umur sht slalu amin👍,1,0,https://www.tiktok.com/@hamenangofficial/video/7576995535719058708
7576995535719058708,Hamenang,7577028794340885255,2025-11-26 20:41:41,noviauliapuspitas,𝚗𝚘𝚟𝚒,selamat ulang tahun pak bupati semua sehat sehat selalu 🫰🫰🫰,2,0,https://www.tiktok.com/@hamenangofficial/video/7576995535719058708
7576995535719058708,Hamenang,7577010703392391944,2025-11-26 19:31:26,wahyumukaromah821,mAnyol.. 08,selamat ultah bp semoga bisa membawa klaten lebih maju lagi....,1,0,https://www.tiktok.com/@hamenangofficial/video/7576995535719058708
7576995535719058708,Hamenang,7577024014217626375,2025-11-26 20:23:07,ainieee.26,ainie,selamat ulang tahunas bupati semoga tambah segalanya yang baik baik sehat selalu terus berjuang untuk klaten,1,0,https://www.tiktok.com/@hamenangofficial/video/7576995535719058708
7576995535719058708,Hamenang,7577054247528448786,2025-11-26 22:20:24,baby_cano,mama cano🧸,sugeng ambal warso pak bupati,1,0,https://www.tiktok.com/@hamenangofficial/video/7576995535719058708
7576995535719058708,Hamenang,7577026018177041159,2025-11-26 20:30:53,ezaaaa737,FroozenFood panas🔄,"Sugeng ambal warsa Pak Bupatiii🤩🤩🤩, mugi panjang umur lan sehat selalu pak😁😁",3,0,https://www.tiktok.com/@hamenangofficial/video/7576995535719058708
7576995535719058708,Hamenang,7577011946709320469,2025-11-26 19:37:57,srilestarilestari26,srilestarilesta33,"selamat ultah pak semoga sukses slalu,berkah barokah, rejeki lancar",2,0,https://www.tiktok.com/@hamenangofficial/video/7576995535719058708
7576995535719058708,Hamenang,7577005972046283538,2025-11-26 19:13:07,tantritanpahurufr,Pisces 🐟,"sugeng ambal warso mas bup,,panjang umur sehat selalu rezeky melimpah,,berkah dunia akhirat",1,0,https://www.tiktok.com/@hamenangofficial/video/7576995535719058708
7576995535719058708,Hamenang,7576996453559370517,2025-11-26 18:38:29,pakeko215,ekobocil,"selamat ulang tahun pakk,, semogaa oanjangg umurr .. mohonn bantuan nya tepatkan sasaran nggih 😂",8,0,https://www.tiktok.com/@hamenangofficial/video/7576995535719058708
7576995535719058708,Hamenang,7577393469686678293,2025-11-27 20:16:47,usermuseer1,-𝐞𝐥𝐥,pak besok lampu penerangan di klaten ditambahi,1,0,https://www.tiktok.com/@hamenangofficial/video/7576995535719058708
7576995535719058708,Hamenang,7577021146954449682,2025-11-26 20:14:48,fitrie_i,Fitri _ịňëźť,sugeng ambal warso pk..semoga sht sllu..byk brkah dan barokh ny..+klaten smkin maju,1,0,https://www.tiktok.com/@hamenangofficial/video/7576995535719058708
7576995535719058708,Hamenang,7577006814564762376,2025-11-26 19:16:22,erlinasabrina381,Erlina R,"selamat ulang tahun bapak bupati
sehat sehat selalu dan sukses selalu 🥰",2,0,https://www.tiktok.com/@hamenangofficial/video/7576995535719058708
7576995535719058708,Hamenang,7577023314888016648,2025-11-26 20:20:20,isti10600,isti,barakallah fii umrik pak hamenang sukses berkah dan amanah untuk warga klaten,1,0,https://www.tiktok.com/@hamenangofficial/video/7576995535719058708
7576995535719058708,Hamenang,7577046608145531656,2025-11-26 21:50:49,arkanandr1,arkana@ndr1,"SUGENG AMBAL WARSA BAPAK HAMENANG, BUPATI KLATEN BERSINAR",2,0,https://www.tiktok.com/@hamenangofficial/video/7576995535719058708
7576995535719058708,Hamenang,7577028059988149008,2025-11-26 20:38:49,wongmumett_25,_𝕪ℕ-,emyu kalah niku pak😇🤦,5,0,https://www.tiktok.com/@hamenangofficial/video/7576995535719058708
7576995535719058708,Hamenang,7577210518679831317,2025-11-27 08:29:24,user3298653800304,Wulan,"pibesde mas Hamenang bupatiku panjang umur, sehat selalu, sukses memimpin Klaten tercinta, senantiasa dalam berkat Tuhan",2,0,https://www.tiktok.com/@hamenangofficial/video/7576995535719058708
7576995535719058708,Hamenang,7577000456771371777,2025-11-26 18:51:43,suparno9000,suparno9000,"SELAMAT ULTAH BAPAK
BUPATI .HAMENANG WAJAR ISMOYO
SEHAT SLLU DAN DILANCARKAN SGLNYA SMG KLATEN SWMAKIN BERKILAU",2,0,https://www.tiktok.com/@hamenangofficial/video/7576995535719058708
7576995535719058708,Hamenang,7577210443350606599,2025-11-27 08:26:45,suhartini35,user8021536853779,"selamat Ulang Tahun ke 37 Pak Bupati, panjang umur, murah rezeki dan sukses selalu. Aamiin",1,0,https://www.tiktok.com/@hamenangofficial/video/7576995535719058708
7576995535719058708,Hamenang,7577009820713992981,2025-11-26 19:28:03,yuser9028788453033,@yati 2973,"HBD pak bupati ,semoga tambah sukses memimpin kabupaten klaten🤲",1,0,https://www.tiktok.com/@hamenangofficial/video/7576995535719058708
7576995535719058708,Hamenang,7577180579695706887,2025-11-27 06:30:43,0113rf,ayang pirang,yaa ampun baru tau istri mas bupati fahrani 😩😩😩 temen sma,4,0,https://www.tiktok.com/@hamenangofficial/video/7576995535719058708
7576995535719058708,Hamenang,7577003776595395336,2025-11-26 19:06:09,newrole_2dy,newrole,"barakallah fi umrik nggeh pak,,,, mugi pinaringan yuswo engkang berkah barokah,,, rejeki berkah melimpah,, sukses selalu,,, aaminn",1,0,https://www.tiktok.com/@hamenangofficial/video/7576995535719058708
7576995535719058708,Hamenang,7577170749737108244,2025-11-27 05:52:54,tumi.yati53,Tumi Yati,HBD mas bupati.... sukses selalu [complacent][complacent][complacent][complacent]🎂,1,0,https://www.tiktok.com/@hamenangofficial/video/7576995535719058708
7576995535719058708,Hamenang,7577002369138492168,2025-11-26 18:59:05,lies.barli,Lies Barli,"Slamat hari jadinya kk Fajar ismoyo smoga diberkahi
dn sukses.",1,0,https://www.tiktok.com/@hamenangofficial/video/7576995535719058708
7576995535719058708,Hamenang,7577029655259038482,2025-11-26 20:44:58,amydepok0,AMY,selamat hari lahir pak bupati sehat selalu Aamiin🤲🤲🤲🤲🤲🙏🙏🙏🙏,1,0,https://www.tiktok.com/@hamenangofficial/video/7576995535719058708
7576995535719058708,Hamenang,7577025629142434561,2025-11-26 20:29:27,redbuble909,redbb,sugeng ambal warso pk bupati... do'a terbaik kagem panjenengan..,1,0,https://www.tiktok.com/@hamenangofficial/video/7576995535719058708
7576995535719058708,Hamenang,7577014230432531201,2025-11-26 19:45:07,nurulkhasanah4650,bu'e Azura,"selamat ulang tahun pak... bulan kelahiran kita sm November.
pnjng umur sehat selalu.. sukses memimpin klaten lbh maju lg..",1,0,https://www.tiktok.com/@hamenangofficial/video/7576995535719058708
7576995535719058708,Hamenang,7577110139620164372,2025-11-27 01:57:32,een6363,@een,sugeng ambal warsa bapak bupati doa terbaik segalanya amin,1,0,https://www.tiktok.com/@hamenangofficial/video/7576995535719058708
7576995535719058708,Hamenang,7577006580308280071,2025-11-26 19:15:28,wahyuni.wahyuni416,Wahyuni Wahyuni,selamat ultah mas bupati...doa terbaik buat panjenengan... nderek tepang saking wargamu ini,1,0,https://www.tiktok.com/@hamenangofficial/video/7576995535719058708
7576995535719058708,Hamenang,7577195034114966279,2025-11-27 07:26:59,markors_21,komar khodor ali,slamat ulang tahun bapak bupati hamenang ..,2,0,https://www.tiktok.com/@hamenangofficial/video/7576995535719058708
7576995535719058708,Hamenang,7577016522377691922,2025-11-26 19:54:07,army032602,army,Sugeng ambal Warso pak semoga dikasih umur yg barokah dimudahkan segala urusannya sehat selalu ngeh pak,1,0,https://www.tiktok.com/@hamenangofficial/video/7576995535719058708
7576995535719058708,Hamenang,7577007400113357585,2025-11-26 19:18:39,rochmaandriapriya,Rochma Andri Apriyan,"barakallah fii umrik mas bupati sht sllu doa terbaik
🤗🤗🤗",1,0,https://www.tiktok.com/@hamenangofficial/video/7576995535719058708
7576995535719058708,Hamenang,7577051069336027912,2025-11-26 22:08:03,tamathartono,@rakyatkecil,sehat selalu ngih pak bupati.semoga di permudah segala urusannya dan panjang umur serta rejeki berkah melimpah🙏,1,0,https://www.tiktok.com/@hamenangofficial/video/7576995535719058708
7576995535719058708,Hamenang,7577170677314388754,2025-11-27 05:52:34,toga_olshop88,Yu'moy~88,lha ternyata tgl lahirnya sama pak sugeng ambal warso ngih pak👍👍👍,2,0,https://www.tiktok.com/@hamenangofficial/video/7576995535719058708
7576995535719058708,Hamenang,7577109131975541511,2025-11-27 01:53:27,harisnugroho1,BilBil Klaten,selamat ulang tahun pak bupatiku. semoga pnjang umur sehat selalu.,1,0,https://www.tiktok.com/@hamenangofficial/video/7576995535719058708
7576995535719058708,Hamenang,7577029311887164168,2025-11-26 20:43:38,arsyanalufhfie,Arsyana Azlan,"kenapa aq tak dapatbantuan blt kesra,,padahal yg lain dapat",1,0,https://www.tiktok.com/@hamenangofficial/video/7576995535719058708
7576995535719058708,Hamenang,7577001527320789781,2025-11-26 18:57:55,arjuno6334,arjuno ireng,selamat ya pak semoga tambah dewasa memimpin kab klaten,1,0,https://www.tiktok.com/@hamenangofficial/video/7576995535719058708
7576995535719058708,Hamenang,7577012800193020690,2025-11-26 19:39:39,giya.rti.mamak.e,Giya rti mamak e,selamat ulang tahun PK semoga sehat slalu panjang umur semoga tambah sukses membawa Klaten jaya,1,0,https://www.tiktok.com/@hamenangofficial/video/7576995535719058708
7576995535719058708,Hamenang,7577081287157596946,2025-11-27 00:07:43,dittt11260,dit,"sugeng ambal warso Pak Bupati,,, panjang umur, sehat selalu, murah rejeki dan sukses slalu, Aamiin.",1,0,https://www.tiktok.com/@hamenangofficial/video/7576995535719058708
7571428746033466645,Hamenang,7571434157052625672,2025-11-11 18:51:41,cemcem293,Coffelatte,pak maaf saya kelepasan ngakak...😭😂,551,4,https://www.tiktok.com/@hamenangofficial/video/7571428746033466645
7571428746033466645,Hamenang,7571436145117954834,2025-11-11 18:59:20,muhammadbagas099,バッグ,pak Bupati tolong jalan jatinom di perbaiki soalnya ngga rata,6,3,https://www.tiktok.com/@hamenangofficial/video/7571428746033466645
7571428746033466645,Hamenang,7571436575399084808,2025-11-11 19:00:59,denbagus8443,denbagus,Pak Bupati yang terhormat tolong dibantu masalah ganti rugi sdn gumul 3. itu merupakan hak ahli waris. tapi selama ini tidak ada kejelasan mau dibawa kemana urusan tersebut. trmksh,143,4,https://www.tiktok.com/@hamenangofficial/video/7571428746033466645
7571428746033466645,Hamenang,7571440992865157895,2025-11-11 19:18:07,khasanahfebriani,bunda pebiaaa,video awal tadi endingnya gimana paakkkk? 😂,179,6,https://www.tiktok.com/@hamenangofficial/video/7571428746033466645
7571428746033466645,Hamenang,7599157771673600775,2026-01-25 11:53:25,busri6775,ani,keren 👍👍👍,0,0,https://www.tiktok.com/@hamenangofficial/video/7571428746033466645
7571428746033466645,Hamenang,7571430060247843591,2025-11-11 18:35:46,marc.elshop,Marc-elshop,pertama pak bupati☺️,0,2,https://www.tiktok.com/@hamenangofficial/video/7571428746033466645
7571428746033466645,Hamenang,7614675232563151623,2026-03-08 07:29:15,_onlyyaa8,ー𝐨𝐧𝐥𝐲𝐲𝐚𝐚,maap pak gak tahan,1,0,https://www.tiktok.com/@hamenangofficial/video/7571428746033466645
7571428746033466645,Hamenang,7571605442025308946,2025-11-12 05:56:42,beyourssss2,beyourssss2,Ealah melu deg2an,0,1,https://www.tiktok.com/@hamenangofficial/video/7571428746033466645
7571428746033466645,Hamenang,7571498958015660821,2025-11-11 23:03:02,igrusdianariyanti,Rusdianariyanti,pak tolong jalan kikis perbatasn klaten-sleman diperbaiko selama ini hanya di tambal membuat jalan rawan kecelakaan,2,1,https://www.tiktok.com/@hamenangofficial/video/7571428746033466645
7571428746033466645,Hamenang,7571432551501923079,2025-11-11 18:45:22,catur.wahyuninggs,Catur Wahyuningsih,Alhamdulillah kmrin ikut mas Bupati... 🔥🔥🙏,2,0,https://www.tiktok.com/@hamenangofficial/video/7571428746033466645
7571428746033466645,Hamenang,7589900202817143553,2025-12-31 13:09:22,user2033299606078,purwanti,Lagi iki weruh Ono bupati Klaten dikerjain🤣🤣🤣,0,0,https://www.tiktok.com/@hamenangofficial/video/7571428746033466645
7571428746033466645,Hamenang,7571524679569113864,2025-11-12 00:42:58,ayukla1,💌,maav pak kepencet,3,0,https://www.tiktok.com/@hamenangofficial/video/7571428746033466645
7571428746033466645,Hamenang,7571589032201159442,2025-11-12 04:52:56,ester.mekani.nugr,Ester Mekani Nugraheni,🥰🥰 wah kerenn mas bupati klaten kerenn smg sukses tugasnya.salam hormat sy guru smp n 2 prambanan klaten,2,0,https://www.tiktok.com/@hamenangofficial/video/7571428746033466645
7571428746033466645,Hamenang,7601432349742433042,2026-01-31 14:59:58,princess_96.2,onlyylaa,endingnya misterius😭😭,0,0,https://www.tiktok.com/@hamenangofficial/video/7571428746033466645
7571428746033466645,Hamenang,7571436989787226898,2025-11-11 19:02:34,festival_candi_sojiwan,Festival Candi Sojiwan,wah keren pak dah mampir ke sojiwan🥰,2,0,https://www.tiktok.com/@hamenangofficial/video/7571428746033466645
7571428746033466645,Hamenang,7572373860009935634,2025-11-14 07:38:33,dimasss_96,pangeran santuy,"Pak Bupati yang terhormat, mau menyampaikan terkait sepanjang jalan raya Prambanan, dari arah Jogja ke Klaten. Alangkah baiknya lampunya diberi penerangan yang terang pak agar memudahkan para pengendara. Terima kasih Bapak Bupati.",0,0,https://www.tiktok.com/@hamenangofficial/video/7571428746033466645
7571428746033466645,Hamenang,7571439113217590023,2025-11-11 19:10:58,eny_utami,Eny Utami,maap aku ketawa pak 😂,11,1,https://www.tiktok.com/@hamenangofficial/video/7571428746033466645
7571428746033466645,Hamenang,7571433643325031176,2025-11-11 18:49:38,kin_kay2528,R🌹,"pak tolong bantuan Talut/tanggul sungai perbatasan juwiring-karangdowo pak musim hujan sungai tanpa Talut pak, mulai mengikis tanah",10,2,https://www.tiktok.com/@hamenangofficial/video/7571428746033466645
7571428746033466645,Hamenang,7571441973296104200,2025-11-11 19:21:56,ellaajjjaaa,pr3ttyEll🌻,pak ada konser tahun baru ga pak??,2,6,https://www.tiktok.com/@hamenangofficial/video/7571428746033466645
7571428746033466645,Hamenang,7571440883578553106,2025-11-11 19:17:44,tiarawdya_,Tiara Widya,Pak Bupati Klaten sudah ada KLFR seperti Jogja blm njih ?,2,1,https://www.tiktok.com/@hamenangofficial/video/7571428746033466645
7538486017188269318,Hamenang,7538635068169700114,2025-08-15 09:37:58,hariyadi5995,hariyadi5995,mbak Woro widowati benarkah mbaknya Niken salindri,18,3,https://www.tiktok.com/@mas.hamenang/video/7538486017188269318
7538486017188269318,Hamenang,7538570971919614737,2025-08-15 05:26:06,nurbila88,afiQahlyana,"klo sma yg di tuban brani ngerayu ya ken, kn blm pnya calon istri 🤭🤭",35,0,https://www.tiktok.com/@mas.hamenang/video/7538486017188269318
7538486017188269318,Hamenang,7538488236702794514,2025-08-15 00:04:36,ayoekatikas,AYOEK,dadi kelingan bupati tuban mas lindra 😭,105,0,https://www.tiktok.com/@mas.hamenang/video/7538486017188269318
7538486017188269318,Hamenang,7538644249845121808,2025-08-15 10:10:09,virahafifah3,cancer,mba woro sopan bgt sma niken jg salaman nunduk😍,8,2,https://www.tiktok.com/@mas.hamenang/video/7538486017188269318
7538486017188269318,Hamenang,7538554387053101832,2025-08-15 04:21:25,yayuk1119,Yayuk Isnowo,"kerennya dek Niken selalu nanya dulu sudah punya istri apa belum kalau sudah dek Niken gak akan merayu"" yg bikin baper, keren pokoknya dek Niken🥰
padahal dulu dek Niken sudah bertemu sama pak Hamenang pas di Wayangan namun waktu itu blm jadi bupati",171,0,https://www.tiktok.com/@mas.hamenang/video/7538486017188269318
7538486017188269318,Hamenang,7538595136219431681,2025-08-15 07:00:01,user3433963503409,fiya,"hehe....
kelingan bupati tuban pastine🥰",13,0,https://www.tiktok.com/@mas.hamenang/video/7538486017188269318
7538486017188269318,Hamenang,7538640091162428177,2025-08-15 09:53:53,buntetservis,BT 13,Tak Rewangi adem2 tekan Kono ndelok nikin/woro 😂😂,3,3,https://www.tiktok.com/@mas.hamenang/video/7538486017188269318
7538486017188269318,Hamenang,7538701725974545153,2025-08-15 13:53:09,nyonya.pjm.13,Nyonya Pjm🐣🇰🇷,iki ternyata bupatiku.malah ra reti aku😔😔😔,2,2,https://www.tiktok.com/@mas.hamenang/video/7538486017188269318
7538486017188269318,Hamenang,7538635391927567105,2025-08-15 09:35:39,wiwik.kadarwati,Wiwik Kadarwati,waaduuh....mbak Niken ama mas Bupati Klaten...ksww ama mas Bupati Tuban iki..😅🙏 ganteng jg Bupati klaten..🤭,28,2,https://www.tiktok.com/@mas.hamenang/video/7538486017188269318
7538486017188269318,Hamenang,7538632986251625236,2025-08-15 09:26:24,husnumvphqg,husnumvphqg,Eling kangmasnya Tuban 1🤭,16,0,https://www.tiktok.com/@mas.hamenang/video/7538486017188269318
7538486017188269318,Hamenang,7538611098560365330,2025-08-15 08:01:23,lhupirumbakahando,Lhupi RH,Panggil massss donkkk 😁😁,7,0,https://www.tiktok.com/@mas.hamenang/video/7538486017188269318
7538486017188269318,Hamenang,7545842394392904466,2025-09-03 19:42:31,widyarini727,Widyarini,kapan ya ini ku ko mlh g tau pdhl tggl di tuban,1,1,https://www.tiktok.com/@mas.hamenang/video/7538486017188269318
7538486017188269318,Hamenang,7669311324837708552,2026-08-02 13:05:05,pak.rt.gulangan,suraji,,0,0,https://www.tiktok.com/@mas.hamenang/video/7538486017188269318
7538486017188269318,Hamenang,7538611183223587592,2025-08-15 08:01:50,rahmanikaalizan,rahmanikaalfatih,salfok mbak woro pdhl usia dia lbh dewasa tp mlh dia yg nunduk cium tangn klo salim,19,0,https://www.tiktok.com/@mas.hamenang/video/7538486017188269318
7538486017188269318,Hamenang,7621374768118809351,2026-03-26 08:46:56,user021294568,Frida,Kren,0,0,https://www.tiktok.com/@mas.hamenang/video/7538486017188269318
7538486017188269318,Hamenang,7540692602745815824,2025-08-20 22:38:47,warsitisiti557,warsiti,klaten bersinar .klaten istimema tmpt kelahiranku jg.smg bersinar terus klaten istimewa,3,0,https://www.tiktok.com/@mas.hamenang/video/7538486017188269318
7538486017188269318,Hamenang,7538529909528331016,2025-08-15 02:46:29,yayuk.suseno3,libra 69,mas bupatiku jiiiaant jos tenan ...,8,0,https://www.tiktok.com/@mas.hamenang/video/7538486017188269318
7538486017188269318,Hamenang,7538649881244074760,2025-08-15 10:31:54,kanies1323,🥰ꦲꦏꦶꦭꦘ꦳ꦲꦶꦫꦸꦤ꧀ꦤꦶꦱ🥰,semalam ketemu langsung pak bupati takut sama pengawal e.. mau minta foto gak jadi .... 😁,4,0,https://www.tiktok.com/@mas.hamenang/video/7538486017188269318
7538486017188269318,Hamenang,7540254340688413447,2025-08-19 18:18:00,shalissayuniati,shaa,pak bupati meso salting 🤣🤣🤣,0,0,https://www.tiktok.com/@mas.hamenang/video/7538486017188269318
7538486017188269318,Hamenang,7546235340820169479,2025-09-04 21:07:22,user4586538305453,user4586538305453,"ngomong thok ga nyanyi""",0,0,https://www.tiktok.com/@mas.hamenang/video/7538486017188269318
7585878137624366356,Hamenang,7585887108393353992,2025-12-20 17:36:26,soulking2704,Soul,soto garing khas klaten bgt...,788,4,https://www.tiktok.com/@hamenangofficial/video/7585878137624366356
7585878137624366356,Hamenang,7585906005962441479,2025-12-20 18:49:51,deomahendra__,dmhndr,"normalisasi jajan soto cah,soale mbokku bakul soto🥲",408,2,https://www.tiktok.com/@hamenangofficial/video/7585878137624366356
7585878137624366356,Hamenang,7593727316123976466,2026-01-10 20:40:23,lily.vinj,27,soto nasrun ae pak,2,0,https://www.tiktok.com/@hamenangofficial/video/7585878137624366356
7585878137624366356,Hamenang,7606517754426901256,2026-02-14 07:54:06,user448575759556,user448575759556,soto wedi sebelah mana mas amin,1,1,https://www.tiktok.com/@hamenangofficial/video/7585878137624366356
7585878137624366356,Hamenang,7594789887338677000,2026-01-13 17:23:47,gatikpandega,Gatik Pandega,"Kota makin ke timur dan ke barat dari kota klaten, kuah sotonya semakin keruh. Kalau di klaten kuah soto itu bening dan bahkan ada Soto garing. Jadi Kota Klaten layak kalo titik 0 nya soto ada di klaten 😂😂😂😂 Mas Bupati saran 🔥🔥🔥 Klaten sebagai titik O nya Soto 🔥🔥🔥",0,0,https://www.tiktok.com/@hamenangofficial/video/7585878137624366356
7585878137624366356,Hamenang,7603002378275439381,2026-02-04 20:32:28,ayu91290,AyuAndri,Soto di Pedan gak masuk ya mas Bup??😳,1,0,https://www.tiktok.com/@hamenangofficial/video/7585878137624366356
7585878137624366356,Hamenang,7587252185928188689,2025-12-24 09:53:41,matahellll,welll,lah soto lumintu cuma 2 langkah dari rumah gua,6,5,https://www.tiktok.com/@hamenangofficial/video/7585878137624366356
7585878137624366356,Hamenang,7585891193654100744,2025-12-20 17:52:19,te.er22,alamar.,tak kiro bu sri wito termasuk mas...,4,3,https://www.tiktok.com/@hamenangofficial/video/7585878137624366356
7585878137624366356,Hamenang,7585914563586376456,2025-12-20 19:23:01,riimeliap,🦭▶︎ •၊၊||၊|။||||| 0:06,fotbar pak bupatii,27,3,https://www.tiktok.com/@hamenangofficial/video/7585878137624366356
7585878137624366356,Hamenang,7600757765007196935,2026-01-29 19:22:08,jeongwoocc,eL,SETUJUUUUUU #CINTASOTOJEMANGIN #FANSNO1SOTOJEMANGIN #KANGENSOTOJEMANGIN,6,1,https://www.tiktok.com/@hamenangofficial/video/7585878137624366356
7585878137624366356,Hamenang,7598180732092924680,2026-01-22 20:42:00,llayareuu,llaloop🕊,seng pertama langganan ku iku,2,0,https://www.tiktok.com/@hamenangofficial/video/7585878137624366356
7585878137624366356,Hamenang,7585906639753184021,2025-12-20 18:52:15,mak.yenny7,Warung Mamak Yenny 🛒,soto Bu tari pandan simping itu pak,46,2,https://www.tiktok.com/@hamenangofficial/video/7585878137624366356
7585878137624366356,Hamenang,7609619084816990983,2026-02-22 16:28:43,user1541994907,RIzky,saya setiap hari pak,1,1,https://www.tiktok.com/@hamenangofficial/video/7585878137624366356
7585878137624366356,Hamenang,7617071151927935762,2026-03-14 18:26:27,__graceart,yuna 💭🖍️🎨,SSBE,0,1,https://www.tiktok.com/@hamenangofficial/video/7585878137624366356
7585878137624366356,Hamenang,7602919819831542549,2026-02-04 15:12:12,mathaalatt3,likila🕸️🕷️,soto djemangin Deket sama rumahku,0,0,https://www.tiktok.com/@hamenangofficial/video/7585878137624366356
7585878137624366356,Hamenang,7596301211448836871,2026-01-17 19:08:26,intanasyala,✨,Pak izinn wajib ke soto uhuyy deket ponggok di stuu enak banget😭🙏,4,0,https://www.tiktok.com/@hamenangofficial/video/7585878137624366356
7585878137624366356,Hamenang,7604760008669299457,2026-02-09 14:13:00,mira22298,mira98,"soto cedak Prasojo Pedan Wenak ,murih gurih",0,0,https://www.tiktok.com/@hamenangofficial/video/7585878137624366356
7585878137624366356,Hamenang,7604340639958631189,2026-02-08 11:05:43,lalaanggarani,lala,soto miri mas,0,0,https://www.tiktok.com/@hamenangofficial/video/7585878137624366356
7585878137624366356,Hamenang,7608802539447878407,2026-02-20 11:40:05,hanifda_,Hanifda_,Pak aku yo dodol soto pak🤣,1,0,https://www.tiktok.com/@hamenangofficial/video/7585878137624366356
7585878137624366356,Hamenang,7585940299785831188,2025-12-20 21:02:53,mamaibran0,mamaibran,tim soto djemangin,9,0,https://www.tiktok.com/@hamenangofficial/video/7585878137624366356
7537186106316508422,Hamenang,7537238160624010004,2025-08-11 15:13:38,puspitarini04,puspitarini✨,untuk PIP pak banyak yg salah sasaran pak 🥺🥺 .. ayok ditelusuri lg pak 🥺🥺 yg anaknya orang punya mlh dapet,101,5,https://www.tiktok.com/@hamenangofficial/video/7537186106316508422
7537186106316508422,Hamenang,7537217311955026696,2025-08-11 13:52:43,novikesumaputri,NoVi Kesuma Putri,untuk biaya parkir pak... ngeri2 bgt,48,6,https://www.tiktok.com/@hamenangofficial/video/7537186106316508422
7537186106316508422,Hamenang,7537193233815241480,2025-08-11 12:19:18,defin920,Reviewer Make up product,ada lowongan buat pegangin lighting gak pak??..🤭,8,7,https://www.tiktok.com/@hamenangofficial/video/7537186106316508422
7537186106316508422,Hamenang,7600648554428793621,2026-01-29 12:18:32,user2398753049243,Yuli yanti,nyimak pak bupati 😍😍👏,0,0,https://www.tiktok.com/@hamenangofficial/video/7537186106316508422
7537186106316508422,Hamenang,7616896686544225044,2026-03-14 07:12:46,taukah.engkau,Titin Ekawati,di desa nanggulan terus ke dukuh seban mas,0,0,https://www.tiktok.com/@hamenangofficial/video/7537186106316508422
7537186106316508422,Hamenang,7538661278161142535,2025-08-15 11:16:03,batharaaaaa,bathara,pungli pembuatan SIM mbok dipantau pak,4,2,https://www.tiktok.com/@hamenangofficial/video/7537186106316508422
7537186106316508422,Hamenang,7537196632266375937,2025-08-11 12:32:36,adidarmawan24,A D,"Aku rung tau weruh pak bupati nesu"" pas kunjungan 😅😅",7,7,https://www.tiktok.com/@hamenangofficial/video/7537186106316508422
7537186106316508422,Hamenang,7537337035977196306,2025-08-11 21:37:20,xberaxy,Braxy,Klaten Utara pak wajib di sidak dan di cek pak gimana kinerjanya pak,0,1,https://www.tiktok.com/@hamenangofficial/video/7537186106316508422
7537186106316508422,Hamenang,7560103335291093780,2025-10-12 06:02:24,fitrohfilter0,sultan gabut,pak saya bikin BPJS buat istri saya di ubet ubet pak sampe sekarang blm jadi2. tolong pak segera di tinjau. jangan di persulit bikin BPJS. lanjut periode mas bup,0,0,https://www.tiktok.com/@hamenangofficial/video/7537186106316508422
7537186106316508422,Hamenang,7537196118896476936,2025-08-11 12:30:29,panca.dee,Panca dee,"pak mohon di sambung dengan dishub pak penerangan lampu jalan Jogja solo dari perempatan Klasis sampe palang kreta Krapyak mati sudah lama sekali pak,,, kondisi jalan gelap sekali kalau malam sangat beresiko dan banyak nya anak2 yang geber2 motor kalau malam pak🙏",11,2,https://www.tiktok.com/@hamenangofficial/video/7537186106316508422
7537186106316508422,Hamenang,7537215187942916872,2025-08-11 13:44:31,arigorexz,ARI GO,mas bup kapan Klaten dzikir dan sholawat an rutinan tiap lapan muter tiap kecamatan kados riyen riyen,0,5,https://www.tiktok.com/@hamenangofficial/video/7537186106316508422
7537186106316508422,Hamenang,7537610312255865607,2025-08-12 15:17:50,de_rossi92,De_Rossi,mbg (makan bergizi gratis) klaten kok ra jalan kie piye pak???opo pancen gak enek 🔥🔥🔥,3,0,https://www.tiktok.com/@hamenangofficial/video/7537186106316508422
7537186106316508422,Hamenang,7537271222406595335,2025-08-11 17:21:57,aaslass,ssttt,"mas bupati mohon tolong ditinjau ulang untuk penerima PKH dan bantuan bantuan lain krn masih banyak yg salah sasaran, ada anak orang kaya tp daftar sekolah jalurnya afirmasi",5,0,https://www.tiktok.com/@hamenangofficial/video/7537186106316508422
7537186106316508422,Hamenang,7544940082034770706,2025-09-01 09:24:07,user.iput,user iput,semoga klaten aman damai dan sejahtera dg bupati bp hamenang.,0,0,https://www.tiktok.com/@hamenangofficial/video/7537186106316508422
7537186106316508422,Hamenang,7537285631832605447,2025-08-11 18:17:54,mikayla.aretha1,Mikayla Aretha,mhon pak bupati kmrin kan habis dari jatinom tau jalan aspal nya kan pak swpanjang jalan jatinom...bergelombang bergelombang tlong pak membahayakan 🙏🏻aspal gk roto blas pak,4,1,https://www.tiktok.com/@hamenangofficial/video/7537186106316508422
7537186106316508422,Hamenang,7559977114456539911,2025-10-11 21:52:21,nursifa233,Nur Sifaa,"sengon pak, mampir ringin kembar 😁",0,0,https://www.tiktok.com/@hamenangofficial/video/7537186106316508422
7537186106316508422,Hamenang,7545027881564783368,2025-09-01 15:01:45,khumairoh1825,may@91🤪,bansos tolong di cek mas...banyak yang salah sasaran,0,0,https://www.tiktok.com/@hamenangofficial/video/7537186106316508422
7537186106316508422,Hamenang,7566554400270074632,2025-10-29 15:15:37,cahaya.gorden.klaten,GORDEN.CAHAYA.KLATEN,"Pak , kalo butuh gorden pesan di toko saya pak ya di sungkur depan smkn 1 🙏",0,0,https://www.tiktok.com/@hamenangofficial/video/7537186106316508422
7537186106316508422,Hamenang,7537895679504237329,2025-08-13 09:45:17,usernameall24,PRAMUDYA🦖,"Mohon solusinya pak air PDAM wilayah Jomboran Klaten Tengah Rw 7 khususnya RT 4 dan RT 05... Tiap malem begadang dari jam 12 sampe jam 4 sudah bertahun"" seperti itu pak dan dihari"" tertentu tidak mengalir sama sekali sampe beberapa hari... Dan belakangan ini airnya ga ngalir pak",2,0,https://www.tiktok.com/@hamenangofficial/video/7537186106316508422
7537186106316508422,Hamenang,7551566520155620104,2025-09-19 05:55:18,budikltn,Budi,"disidak parkiran mas Bupati. tukang parkir di gaji aja,parkir gratis kusus motor aja Mas Bupati.",0,0,https://www.tiktok.com/@hamenangofficial/video/7537186106316508422
7585518863589100818,Hamenang,7585573648384738069,2025-12-19 21:21:49,user187387277,mama Dicka,ya tetap bagus to pak nilainya mana berani gurunya mau kasih nilai jelek,184,6,https://www.tiktok.com/@mas.hamenang/video/7585518863589100818
7585518863589100818,Hamenang,7585559501970293525,2025-12-19 20:25:10,kanaloey,nanaloey18,Putra bangsa ya?,39,6,https://www.tiktok.com/@mas.hamenang/video/7585518863589100818
7585518863589100818,Hamenang,7585573158973833991,2025-12-19 21:18:12,didik.krisdianto5,Didik Krisdianto,skolahan larang uii,17,12,https://www.tiktok.com/@mas.hamenang/video/7585518863589100818
7585518863589100818,Hamenang,7585570958540587794,2025-12-19 21:09:41,mprr0,SHE...,sing anak yatim yo dipikir no pakk 😭😭,10,1,https://www.tiktok.com/@mas.hamenang/video/7585518863589100818
7585518863589100818,Hamenang,7585557395927204629,2025-12-19 20:17:01,sriwidanarti227,Sri Widanarti227,dek Arsya....wali kelasnya miss Tika ya mas Bup?!!,2,3,https://www.tiktok.com/@mas.hamenang/video/7585518863589100818
7585518863589100818,Hamenang,7585548973206405895,2025-12-19 19:44:18,lesmi.sulesmi,lesmi sulesmi,ono ono wae geraka Ambil rapot bareng Ayah. nek seng pekerja instansi isoh izin. ya yg kerjo kuli oleh duwet hari sabtu minggu dn tgl merah abot cari duwet pk😳,29,6,https://www.tiktok.com/@mas.hamenang/video/7585518863589100818
7585518863589100818,Hamenang,7585553709125223176,2025-12-19 20:02:42,mamayeyen,mama yeyen,bu tika...siip pak hamenang ngga salah nyekolahin arsya d PB...🥰,3,4,https://www.tiktok.com/@mas.hamenang/video/7585518863589100818
7585518863589100818,Hamenang,7585581475850093332,2025-12-19 21:50:30,ana.yasinda,Ana Yasinda,sekolahan nya sebelah mana to pak,0,5,https://www.tiktok.com/@mas.hamenang/video/7585518863589100818
7585518863589100818,Hamenang,7585716413101916935,2025-12-20 06:34:20,kris.naa6,Kris Naa,kayaknya banyak yg pinter sulapan nilainya... guru harus ngasih nilai diatas KKM meskipun nilai aslinya 20...bener gak,0,2,https://www.tiktok.com/@mas.hamenang/video/7585518863589100818
7585518863589100818,Hamenang,7585555968612762388,2025-12-19 20:11:25,_wawan.17,WawaNanin'e✅,yg berani nyuruh bupati ambil rapot disekolah hya Arsya . sll sehat dik Arsya dan pak bupati. salam hormat 🙏,9,1,https://www.tiktok.com/@mas.hamenang/video/7585518863589100818
7585518863589100818,Hamenang,7641560479692882695,2026-05-19 18:17:33,luppiee_cutie,Michaella_keyko_sanjayaaa,Halo arsyaa,0,0,https://www.tiktok.com/@mas.hamenang/video/7585518863589100818
7585518863589100818,Hamenang,7601466892439913237,2026-01-31 17:13:58,arsya.rasya03,ARSYA RASYA,sama nama nya pak,0,1,https://www.tiktok.com/@mas.hamenang/video/7585518863589100818
7585518863589100818,Hamenang,7585567175794246408,2025-12-19 20:54:57,ibu.atun316,Ibu Atun,hebat mas bupati .. bisa ambil rapot putranya .. meski pejabat masih ucap terima kasih buat ibu gurunya ..,0,1,https://www.tiktok.com/@mas.hamenang/video/7585518863589100818
7585518863589100818,Hamenang,7585529964616991509,2025-12-19 18:30:37,nataa.naa2,Nataa Naa,"pak besuk minggu pagi tgl 20 des 2025 ada event sepak bola usia dini piala askab klaten di lapangan cawas, sekiranya berkenan menghadiri event tsb, utk tambahan motivasi buat anak2 biar tambah semangat dan sepak bola klaten tambah maju",3,1,https://www.tiktok.com/@mas.hamenang/video/7585518863589100818
7585518863589100818,Hamenang,7614298753269498632,2026-03-07 07:08:17,ety.widya.aribawa,ety widya aribawa,Calon Bupati ya dik Arsya... Mantaapp,0,0,https://www.tiktok.com/@mas.hamenang/video/7585518863589100818
7585518863589100818,Hamenang,7585530245253006081,2025-12-19 18:34:03,xorose_12,💥,pak klu bpk2 yg suruh ambil. rapot gimn suami aku udah meninggal apa suruh banggun dulu klu bpkyg ambil kan ngak banyak protes apa lg soal duit,0,1,https://www.tiktok.com/@mas.hamenang/video/7585518863589100818
7585518863589100818,Hamenang,7603565336185373461,2026-02-06 08:57:13,matc226,matc226,Mas anaknya ambil raport kok pake sendal pakein sepatu donk mas biar sm kaya ayahnya,0,0,https://www.tiktok.com/@mas.hamenang/video/7585518863589100818
7585518863589100818,Hamenang,7586922125400326920,2025-12-23 12:32:51,hanisoeprapto,Hani Soeprapto,DARI JAMAN SIMBAHKUUU SEKOLAH YA 6 HARI....MINGGU LIBUR..JUMAT BALIK GASIK....,0,0,https://www.tiktok.com/@mas.hamenang/video/7585518863589100818
7585518863589100818,Hamenang,7606160035563651860,2026-02-13 08:45:57,sri.lestari2337,sri lestari,"Ternyata MMG bgt ramah Bupati Klaten,
merakyat 👍👍👍",0,0,https://www.tiktok.com/@mas.hamenang/video/7585518863589100818
7585518863589100818,Hamenang,7607491661183124244,2026-02-16 22:53:11,putri.nuraini130710,Ayu Putri,Assalamu'alaikum niki putrane nggih,0,0,https://www.tiktok.com/@mas.hamenang/video/7585518863589100818
7676511503113014546,Hamenang,7676618277037376272,2026-08-22 05:41:11,user1236108006754,el,angkringan ngendi kui mas.,0,1,https://www.tiktok.com/@angkringan_bu_mantri/video/7676511503113014546
7676511503113014546,Hamenang,7677541340771894023,2026-08-24 17:21:43,atik.wuland,Atik Wuland,bukane angkringan bu mantri itu seberang depannya ada gedumg ya kak ? ini kok sawah kak ?,0,1,https://www.tiktok.com/@angkringan_bu_mantri/video/7676511503113014546
7676511503113014546,Hamenang,7676671549336847125,2026-08-22 09:06:41,yu_sri76,Yu Sri tugu tani,pundi alamate mas bup,0,2,https://www.tiktok.com/@angkringan_bu_mantri/video/7676511503113014546
7676511503113014546,Hamenang,7677589183943443220,2026-08-24 20:27:29,nursih.m,Nursih M,mas bupati memang ajur ajer ga perlu ke warung makan mewah cukup nglarisi para umkm disekitar klt br kali ini menemukan pejabat yg begitan,0,0,https://www.tiktok.com/@angkringan_bu_mantri/video/7676511503113014546
7676511503113014546,Hamenang,7679702311337378580,2026-08-30 13:10:19,trihandayani16927,hany rae,"mantabz bak Endah, laris manis..
enak, resik yo murah... barokah",0,0,https://www.tiktok.com/@angkringan_bu_mantri/video/7676511503113014546
7676511503113014546,Hamenang,7679178361638437653,2026-08-29 03:14:25,sulastri.prapto.w,Sulastri Prapto Wiyono,semoga laris manis berqah barokah,0,0,https://www.tiktok.com/@angkringan_bu_mantri/video/7676511503113014546
7676511503113014546,Hamenang,7677932493123715847,2026-08-25 18:39:35,titin_janeetaunderwear,titin_janeeta,"yg lbh keren lg, ownernya msh usia sma, dan sdh punya usaha yg melesat. hebat satria.. !! semoga bs lbh besar lg usahanya. gelo aq, janeeta gak jd msk al-atsar. qodarullah, ada nasib lain yg menanti. biidznillah..",0,0,https://www.tiktok.com/@angkringan_bu_mantri/video/7676511503113014546
7676511503113014546,Hamenang,7676902302297326356,2026-08-23 00:01:59,hahamasgapok,hahamasgapok,wah mantap pak bupati sehatselalu,0,0,https://www.tiktok.com/@angkringan_bu_mantri/video/7676511503113014546
7676511503113014546,Hamenang,7677100381025682192,2026-08-23 12:54:08,wahyutika988,wahyu tika,buka tutupjm pintennggeh,0,1,https://www.tiktok.com/@angkringan_bu_mantri/video/7676511503113014546
7676511503113014546,Hamenang,7678842237354705685,2026-08-28 05:30:07,hidayat99978,rida,jk liat mas bup klaten mkn rasa nya nikmat bgt.kpn mas bup ajak jjn soto,0,0,https://www.tiktok.com/@angkringan_bu_mantri/video/7676511503113014546
7676511503113014546,Hamenang,7678407310745944852,2026-08-27 01:22:08,ainunnurhanii,Ainun Hani,"Ternyata deket rumah bangett, baru tauuuuuuu",0,0,https://www.tiktok.com/@angkringan_bu_mantri/video/7676511503113014546
7676511503113014546,Hamenang,7676825303616717586,2026-08-22 19:03:09,kendil1284,santoso KENDIL,"waduh, gak reti yen mas bupati ksitu",0,0,https://www.tiktok.com/@angkringan_bu_mantri/video/7676511503113014546
7676511503113014546,Hamenang,7676730040541971220,2026-08-22 12:53:34,agustinnabila0,Tins,eh itu ada lik Win,0,0,https://www.tiktok.com/@angkringan_bu_mantri/video/7676511503113014546
7676511503113014546,Hamenang,7676521586949620488,2026-08-21 23:24:28,atikcebret,atikcebret,"laris manis berkah melimpah bulek
Aamiin..🥰🥰🥰",0,0,https://www.tiktok.com/@angkringan_bu_mantri/video/7676511503113014546
7676511503113014546,Hamenang,7676625512181170964,2026-08-22 06:07:59,wulanarka_27,WwulanSarie,pak lurahku🤭,0,0,https://www.tiktok.com/@angkringan_bu_mantri/video/7676511503113014546
7676511503113014546,Hamenang,7676778823383466773,2026-08-22 16:02:47,didiksurono87.12.50,Didik Surono,mantap👍,0,0,https://www.tiktok.com/@angkringan_bu_mantri/video/7676511503113014546
7676511503113014546,Hamenang,7677114076514288385,2026-08-23 13:44:00,umichasanah345,umi chasanah,pak lurahku 🤭,0,0,https://www.tiktok.com/@angkringan_bu_mantri/video/7676511503113014546
7676511503113014546,Hamenang,7676867050481189652,2026-08-22 21:45:13,jujitsu.mma.klaten,Jujitsu mma Kla,mas bupati keren,0,0,https://www.tiktok.com/@angkringan_bu_mantri/video/7676511503113014546
7676511503113014546,Hamenang,7676643231287378696,2026-08-22 07:16:40,apriyan.ndari,Apriyan Ndari,🙏🙏🙏,0,0,https://www.tiktok.com/@angkringan_bu_mantri/video/7676511503113014546
7487573822384655624,Hamenang,7487628116547060498,2025-03-30 22:41:25,satset829,entah,good luck nggeh bu fahrani hamenang. dari candirejo,6,2,https://www.tiktok.com/@hamenangofficial/video/7487573822384655624
7487573822384655624,Hamenang,7487582029958726418,2025-03-30 19:42:38,2wiekcakep,w!€x¢@k€p🇮🇩,"sellamat ulang tahun bu..panjang umur sehat selalu njih,🙏🙏",1,2,https://www.tiktok.com/@hamenangofficial/video/7487573822384655624
7487573822384655624,Hamenang,7487656789162689288,2025-03-31 00:32:52,nova.j12,Nova,Barakallah fii umrik ngih ibu bupati samawa dunia akhirat,1,1,https://www.tiktok.com/@hamenangofficial/video/7487573822384655624
7487573822384655624,Hamenang,7487659440360014612,2025-03-31 00:43:05,roseq583,Bu Lurah,"smakin sukses njih bun..
aamiin3x",1,1,https://www.tiktok.com/@hamenangofficial/video/7487573822384655624
7487573822384655624,Hamenang,7487638389891138324,2025-03-30 23:21:25,ega.eriskaaaa,e_eriskaaaa,ultahku samaan sama istri pak bupati gaess 🤗,1,1,https://www.tiktok.com/@hamenangofficial/video/7487573822384655624
7487573822384655624,Hamenang,7487577563285095185,2025-03-30 19:25:37,kusumaaa30,kusumaaa30,HBD Ibu... sehat selalu ya Buk👍👍👍,1,1,https://www.tiktok.com/@hamenangofficial/video/7487573822384655624
7487573822384655624,Hamenang,7487629407952880390,2025-03-30 22:46:45,hidayah3197,Hidayah,"hbd Bu, semoga Allah SWT memberikan kesehatan n kemudahan dalam segala hal",1,1,https://www.tiktok.com/@hamenangofficial/video/7487573822384655624
7487573822384655624,Hamenang,7487870588729148167,2025-03-31 14:22:25,aguscatur70,agus/catur,Barakallah fii umrik... Bu..sehat2 Selalu,1,1,https://www.tiktok.com/@hamenangofficial/video/7487573822384655624
7487573822384655624,Hamenang,7487583010314224392,2025-03-30 19:46:27,himawanpurnomo,himawanpurnomo,Sehat dan bahagia selalu Ibu. 🙏,1,1,https://www.tiktok.com/@hamenangofficial/video/7487573822384655624
7487573822384655624,Hamenang,7630974465790919444,2026-04-21 05:38:42,sarwoko.esty,Sarwoko Esty,AAMIIN YRA SEHAT2 SKALU YA BPK IBU SUKSES KEDEPANNYA TETAP SEMANGAT SERRA SLALU DLM LINDUNGAN ALLOH AAMIIN YRA,0,0,https://www.tiktok.com/@hamenangofficial/video/7487573822384655624
7487573822384655624,Hamenang,7488200690386912007,2025-04-01 11:43:29,alikadonutklaten,ALIKA DONUT,"Barakallahu Fik umrik Ibu Bupatiku sehat sllu barokah di usia dunia akhirat berlimpah berkah , bahagia selama'y sukses selalu ...",0,0,https://www.tiktok.com/@hamenangofficial/video/7487573822384655624
7487573822384655624,Hamenang,7487580541320446727,2025-03-30 19:36:53,yeninurfita2,greentea,selamat ulang tahun Bu.......,1,1,https://www.tiktok.com/@hamenangofficial/video/7487573822384655624
7487573822384655624,Hamenang,7487842548662551302,2025-03-31 12:34:30,wiryadihajar,hajardoank,barakallah fii umrik...Bu...sehat sllu,1,1,https://www.tiktok.com/@hamenangofficial/video/7487573822384655624
7487573822384655624,Hamenang,7508590169487065857,2025-05-26 10:24:57,bu.milah4,Bu Milah,hbd ibu cantik semoga berkah,0,0,https://www.tiktok.com/@hamenangofficial/video/7487573822384655624
7487573822384655624,Hamenang,7495301090419966728,2025-04-20 14:56:37,listyo22_,Eka,Barakallah fii umrik ibuk....sehat dan panjang umur yg barokah aamiin 🥰,0,0,https://www.tiktok.com/@hamenangofficial/video/7487573822384655624
7487573822384655624,Hamenang,7499736999143703303,2025-05-02 13:50:12,bundanya_abilfiz,bunda abilfiz,barakallah fii umrik bunda . do'a terbaik selalu. senantiasa dilimpahkan keberkahan.,0,0,https://www.tiktok.com/@hamenangofficial/video/7487573822384655624
7487573822384655624,Hamenang,7498363909159387911,2025-04-28 21:01:50,gvrel4,gvrel,selamat ulang tahun ibu bupati...semoga panjang umur sehat selalu dah mengngayomi warga klaten...,0,0,https://www.tiktok.com/@hamenangofficial/video/7487573822384655624
7487573822384655624,Hamenang,7494651221208040200,2025-04-18 20:54:42,sriwah44504374808,boby bob,barakaauloh fi umrik bunda semoga selalu sehat paanjang umur,0,0,https://www.tiktok.com/@hamenangofficial/video/7487573822384655624
7487573822384655624,Hamenang,7487893898670080773,2025-03-31 15:53:17,jokoprayitno615,Joko Prayitno615,Barokallah fii umrik Ibu Fahrani.sehat panjang umur.salam warga karangdowo,0,0,https://www.tiktok.com/@hamenangofficial/video/7487573822384655624
7679767170250853639,Hamenang,7679987029280047880,2026-08-31 07:32:31,404_n00tfound,404no0tfound,"pak, maaf izin menyampaikan keluhan, mohon ditindaklanjuti untuk parkir di rowo jombor (khususnya ketika weekend) bikin macet, dibikin searah atau bagaimana gt",57,3,https://www.tiktok.com/@hamenangofficial/video/7679767170250853639
7679767170250853639,Hamenang,7680133779411845905,2026-08-31 17:02:05,penjaga_hati_69,Agung 5TL😼,gojek neng obyek wisata cokro - ponggok - stasiun nek weekend josjis pak🤘,0,0,https://www.tiktok.com/@hamenangofficial/video/7679767170250853639
7679767170250853639,Hamenang,7679999851140530962,2026-08-31 08:22:05,butternutae,tha 🐳,bismillah ultah klaten undang zhang linghe nggih pak 😂😂,7,4,https://www.tiktok.com/@hamenangofficial/video/7679767170250853639
7679767170250853639,Hamenang,7679787853693436679,2026-08-30 18:39:16,fauzy1995,R. Fauzy,"mas bupati kita kawal sampai menjadi Gubernur Provinsi Jawa Tengah, Aamiin 🤲",40,0,https://www.tiktok.com/@hamenangofficial/video/7679767170250853639
7679767170250853639,Hamenang,7679813689536709394,2026-08-30 20:19:32,apajaah,apaajaaaa,Kinerja bupati kita top bgt🫶🫶,19,0,https://www.tiktok.com/@hamenangofficial/video/7679767170250853639
7679767170250853639,Hamenang,7680523497060090642,2026-09-01 18:14:05,indarti1139,indarti11,"yg muda yg berkarya, maju terus Klatenqyuhhhh tercintahhhh 🥰🥰🥰",0,0,https://www.tiktok.com/@hamenangofficial/video/7679767170250853639
7679767170250853639,Hamenang,7680548291204924180,2026-09-01 19:50:11,zaaatgar,ʙᴀɴɢ ᴀʀᴇᴢ,editor nya asik,0,0,https://www.tiktok.com/@hamenangofficial/video/7679767170250853639
7679767170250853639,Hamenang,7680589635370271506,2026-09-01 22:30:37,rama_dhany8,Rama_Dhany_Soeyaningrat,spo Iki le ngedit 😭,0,0,https://www.tiktok.com/@hamenangofficial/video/7679767170250853639
7679767170250853639,Hamenang,7679853142695101201,2026-08-30 22:52:52,lilissundari123,"hi,i'm Lily",naikan gaji editor,26,0,https://www.tiktok.com/@hamenangofficial/video/7679767170250853639
7679767170250853639,Hamenang,7680700524450480897,2026-09-02 05:41:08,_onlysatyy,ʙɪᴍᴀ,pak kenapa klaten tidak bolh peknek ke Bali pak,0,0,https://www.tiktok.com/@hamenangofficial/video/7679767170250853639
7679767170250853639,Hamenang,7680230489677054736,2026-08-31 23:17:02,dwiretnosari50,Dwi Retnosari,"maaf, aku malah salfok sama backsoundnya",0,0,https://www.tiktok.com/@hamenangofficial/video/7679767170250853639
7679767170250853639,Hamenang,7680445751189603080,2026-09-01 13:12:25,rezuko.reyman0,Kepotok,pak Mabar yok🗿😭,0,0,https://www.tiktok.com/@hamenangofficial/video/7679767170250853639
7679767170250853639,Hamenang,7680414339093955349,2026-09-01 11:10:33,aancro4,AAn cokro,keluhan pak Bub tolong pasar Delaggu yg di depan SPM 1 ditertibkan parkir di jalan semau nya bikin ribet kita anter jemput anaksekolah trotoar penuh dengan lapak jualan mks perhatian nya,0,0,https://www.tiktok.com/@hamenangofficial/video/7679767170250853639
7679767170250853639,Hamenang,7680396470118073105,2026-09-01 10:01:04,ramaerh,ramaerh,MAS LAPOR MBG RUWET NGGDI YA . order semongko apik wong abang jare ora bang wes di cacah cacah jaluk ijol duit,0,0,https://www.tiktok.com/@hamenangofficial/video/7679767170250853639
7679767170250853639,Hamenang,7680845173815935752,2026-09-02 15:02:22,lusiyahope,lusiyahope,banyak sing ngajak ngobrol ning fa mudheng 😭,0,0,https://www.tiktok.com/@hamenangofficial/video/7679767170250853639
7679767170250853639,Hamenang,7680832421880939284,2026-09-02 14:12:47,dedepurnama214,데데 뿔노모 🇰🇷,"investasi industri,?????,kalau dengan management perusahaan perusahaan saat ini ,ruwet .salam buruh",0,0,https://www.tiktok.com/@hamenangofficial/video/7679767170250853639
7679767170250853639,Hamenang,7679780339543278343,2026-08-30 18:10:08,o.r.v.i.n.user1313134,𝗢𝗡𝗟𝗬𝗩𝗜𝗡☄️,editor ada ada saja😭,10,0,https://www.tiktok.com/@hamenangofficial/video/7679767170250853639
7679767170250853639,Hamenang,7679878420494779156,2026-08-31 00:30:48,taufikhidayah8045,Taufik Hidayah Reseller,"Klaten Keren Go to Internasional , Mantap Mas Bupati 👍",5,0,https://www.tiktok.com/@hamenangofficial/video/7679767170250853639
7679767170250853639,Hamenang,7679799634139464455,2026-08-30 19:25:04,gofarismail263,GOFAR,Naikan gaji editor 🔥🔥,7,0,https://www.tiktok.com/@hamenangofficial/video/7679767170250853639
7679672529505783048,Hamenang,7679676567345578773,2026-08-30 11:27:37,andin1_ara,Ara,"paak tolong dalan deso ku pak
Bendorejo kebon bayat klaten.",17,4,https://www.tiktok.com/@hamenangofficial/video/7679672529505783048
7679672529505783048,Hamenang,7680111350547219216,2026-08-31 15:34:47,r.zal2014,?,"ya Allah pak itu desa kuu, aku ketiduran 🗿",0,0,https://www.tiktok.com/@hamenangofficial/video/7679672529505783048
7679672529505783048,Hamenang,7680200933310202642,2026-08-31 21:22:16,kaylaadena016,•~Kayy~•,Kapan yaaa bisa nyanyi depan pak bupati lagi? (pas pak hamenang jadi ketua DPR),0,0,https://www.tiktok.com/@hamenangofficial/video/7679672529505783048
7679672529505783048,Hamenang,7679826654823056149,2026-08-30 21:09:58,wahyuhafiidhanant,ananta25 _well,pak topi temen saya hilang pas nyanyi kemarin di gaden 😂😂,0,0,https://www.tiktok.com/@hamenangofficial/video/7679672529505783048
7679672529505783048,Hamenang,7679730607933293320,2026-08-30 14:57:14,anomaliyanggantengg,PaNgGiLaJaFjR💤💦,Minggu pagi karnaval pak sama soto pagi di Tanjungan Wedi klaten,0,0,https://www.tiktok.com/@hamenangofficial/video/7679672529505783048
7679672529505783048,Hamenang,7679937213766124308,2026-08-31 04:19:18,gege_perkasa,Traveling Online,"pak sekali kali ngopi santai pak di alun2 bareng anak anak ojol😁,saya ojol tangerang yg merantau ke klaten",0,0,https://www.tiktok.com/@hamenangofficial/video/7679672529505783048
7679672529505783048,Hamenang,7679674657503249159,2026-08-30 11:20:14,masgaruda88,Mas Garuda,Bupatiku Duta Soto Indonesia,3,0,https://www.tiktok.com/@hamenangofficial/video/7679672529505783048
7679672529505783048,Hamenang,7679812287449154312,2026-08-30 20:14:11,imut3237,zulfia shanum🩷,sehat sll mas Bup,1,0,https://www.tiktok.com/@hamenangofficial/video/7679672529505783048
7679672529505783048,Hamenang,7679849542837650184,2026-08-30 22:38:41,zy_yyya,.,Bayat gatau ono ngeneki🤣,0,0,https://www.tiktok.com/@hamenangofficial/video/7679672529505783048
7679672529505783048,Hamenang,7679769556579730193,2026-08-30 17:28:21,az35526,az,gaden Ki Lo jos pak🤭🤭,0,0,https://www.tiktok.com/@hamenangofficial/video/7679672529505783048
7679672529505783048,Hamenang,7679801584848012053,2026-08-30 19:32:41,nurmaharani293,Maharani,2 THN saya ga mudik skg kampung halaman ku maju pesat ya pak,0,0,https://www.tiktok.com/@hamenangofficial/video/7679672529505783048
7679672529505783048,Hamenang,7679673674460480277,2026-08-30 11:20:54,utik.n.n.k,nuu~~,haloo pak hamenang,4,0,https://www.tiktok.com/@hamenangofficial/video/7679672529505783048
7679672529505783048,Hamenang,7679721067964121877,2026-08-30 14:20:23,rahan4373,HNZZSKUYY!!,"Monggo pinarak wonten Pucang srebegan Klaten pak,wonten acara yang diadakan untuk memeriahkan hari kemerdekaan
menawi njenengan mriko saget meramaikan acara pak🙏",0,0,https://www.tiktok.com/@hamenangofficial/video/7679672529505783048
7679672529505783048,Hamenang,7679709969855677200,2026-08-30 13:37:05,agus.susilo9,Tenor Pink,semngt pak 🫡 .. bangun kabupaten klaten makin maju,0,0,https://www.tiktok.com/@hamenangofficial/video/7679672529505783048
7679672529505783048,Hamenang,7679692084153467656,2026-08-30 12:27:53,zakss.songs,🇬🇧🇬🇧,janagan lupa mapir di smp 1 trucuk mas🙏,1,0,https://www.tiktok.com/@hamenangofficial/video/7679672529505783048
7679672529505783048,Hamenang,7679673803567268616,2026-08-30 11:16:43,bentorambu,Bento,Melu pak....drung maem niki,1,0,https://www.tiktok.com/@hamenangofficial/video/7679672529505783048
7679672529505783048,Hamenang,7679722501681840917,2026-08-30 14:25:49,pitaa21_,littlebutterfly_🦋,gaden lo kihh🔥,0,0,https://www.tiktok.com/@hamenangofficial/video/7679672529505783048
7679672529505783048,Hamenang,7679673085742105364,2026-08-30 11:14:09,.dnz.style,亗 DNZ ╳ STYLE 亗,pertama pak dapet apa apk,1,0,https://www.tiktok.com/@hamenangofficial/video/7679672529505783048
7679672529505783048,Hamenang,7679687640870748935,2026-08-30 12:10:29,yu_zhong47,Yu_zhong,pak smpean ngidul sekedik pak ten gunung gajah tolong di bantu perbaikan jalnnya udah lama rusak🙏,0,0,https://www.tiktok.com/@hamenangofficial/video/7679672529505783048
7679672529505783048,Hamenang,7679798249562571538,2026-08-30 19:19:45,titawulandari8339,titawulandari8339,hel,0,0,https://www.tiktok.com/@hamenangofficial/video/7679672529505783048
7679260054532459783,Hamenang,7679288078117028628,2026-08-29 10:20:09,sri.lestari7913,Sri Lestari,gunane opo. bantuan yo slah sasaran. lha wong saya janda kerja gk ajeg ;bansos lewat.,59,13,https://www.tiktok.com/@hamenangofficial/video/7679260054532459783
7679260054532459783,Hamenang,7679287078836863752,2026-08-29 10:16:07,indo.i9,ind.60,"Ia desiilku jadi naik pak, pdhl blm punya rumah tpi masih numpang ortu🙏🏼",12,2,https://www.tiktok.com/@hamenangofficial/video/7679260054532459783
7679260054532459783,Hamenang,7679291840387253000,2026-08-29 10:34:41,bundanyaivanaqila,bundanyaivanaqila,"saya bln juli desil 2 sekarang naik desil 4 montor aja ngak punya,rumah masih numpang...bantuan PKH aja ngak dapat pripun pak bupati",3,2,https://www.tiktok.com/@hamenangofficial/video/7679260054532459783
7679260054532459783,Hamenang,7679370427520942856,2026-08-29 15:39:31,satu_kata48,satu_kata,"pak desilku naik jadi 6-10, klo masalah bantuan ndak masalah yang penting bpjs tetap aktif pak",0,1,https://www.tiktok.com/@hamenangofficial/video/7679260054532459783
7679260054532459783,Hamenang,7679273427896124180,2026-08-29 09:23:33,mb_kenez,Kenez,yg sedikit kami ragu knp tidak boleh kalau pengeluaran lebih besar drpd pemasukan padahal itu benar2 terjadi di kami masyarakat kecil .🥺 katanya tdk boleh data anomali 🥹,17,2,https://www.tiktok.com/@hamenangofficial/video/7679260054532459783
7679260054532459783,Hamenang,7679264068340073232,2026-08-29 08:47:25,luthfanss,luthfans,pak maksud e pelajar desil 6-10 itu gimana pak padahal belum kerja,17,0,https://www.tiktok.com/@hamenangofficial/video/7679260054532459783
7679260054532459783,Hamenang,7679343646098506503,2026-08-29 13:55:39,reniaw.07,reniawatii14,"mugo wae bar sensus bukku entok bantuan pak, lansia yuswo 62thn mboten angsal PKH/sembako.. jannnn nemennn poll😭",0,1,https://www.tiktok.com/@hamenangofficial/video/7679260054532459783
7679260054532459783,Hamenang,7679502958821524232,2026-08-30 00:13:57,antyulianto15,Ant Yulianto,"sensus g mutu
rumah mewah msuk desil 4
sedangkan orang ngos2an masuk desil 10",5,0,https://www.tiktok.com/@hamenangofficial/video/7679260054532459783
7679260054532459783,Hamenang,7679423495021462293,2026-08-29 19:05:31,puputrisaja,Nata🦩,"aku didesil 6-10 padahal, omah ra due iseh numpang morotuo, sawah yo rung nduwe, sapi yo ra nduwe,",2,0,https://www.tiktok.com/@hamenangofficial/video/7679260054532459783
7679260054532459783,Hamenang,7679668452237263634,2026-08-30 10:56:05,martinitindompol,Martinitin dompol,mbk fachrani bening cwantikkkk,0,0,https://www.tiktok.com/@hamenangofficial/video/7679260054532459783
7679260054532459783,Hamenang,7679460506659390215,2026-08-29 21:29:04,tyas1979,tyas79,"Panjenengan desil pinten pak? MasyaaAllah sy rakyat jelata, single mom, suami sdh meninggal 6 tahun lalu, desil 10. Sebenarnya sy tdk menginginkan bansos apapun, krn Alhamdulillah sampai ank sy kuliah di ITB pun dgn biaya sendiri tanpa KIPK. Tp mbok yao jangan 10, pantesnya ya 6 apa 7. Mohon realita di lapangan ini bs menjadi evaluasi. Maturnuwun sakderengipun🙏",1,0,https://www.tiktok.com/@hamenangofficial/video/7679260054532459783
7679260054532459783,Hamenang,7679447987135726357,2026-08-29 20:40:36,mbakjawa4203,mbak²JAWA,rumahku tidak disensus,0,0,https://www.tiktok.com/@hamenangofficial/video/7679260054532459783
7679260054532459783,Hamenang,7679451645311664904,2026-08-29 20:54:42,cieeeejustfirendsssss,Gak tau,masss tahun depann DENY CAKNAN plisss pasti bakal seruu bangetttt 🤩❤️🤍🥳#KLATEN BERSINAR,1,0,https://www.tiktok.com/@hamenangofficial/video/7679260054532459783
7679260054532459783,Hamenang,7679670343673430792,2026-08-30 11:07:10,chevikha_cwekx_endutzs,chevikha_cwekx_endutzs,di sensus.o Yoh gur Podo waeh bantuan Ra terbagi tepat sasaran,0,0,https://www.tiktok.com/@hamenangofficial/video/7679260054532459783
7679260054532459783,Hamenang,7679768617797763861,2026-08-30 17:24:45,adzkya151,Adzkya,"giliran rumah saya yang di sensus yang dirumah anak saya, jelas aja desilku naik 6-10.kok bisa sensus tanpa ada diketahui kepala keluarga susah kan.",1,0,https://www.tiktok.com/@hamenangofficial/video/7679260054532459783
7679260054532459783,Hamenang,7679408828442395400,2026-08-29 18:08:35,user49323530425486,Kitty,yg desil 10 kumpul sini 🫰🏻😍😂,0,0,https://www.tiktok.com/@hamenangofficial/video/7679260054532459783
7679260054532459783,Hamenang,7679990473201746705,2026-08-31 07:45:50,ruang.kosong2356,ruangksong,iya pak rmh aku juga msih numpang kakak ipar msih kerja montang manting gk pernah dpet bantuab ank skolah ... mlhslah sasaran gtu tetangga sya rmh bagus rmh sndri punya mtor 2 dpet bantuan aneh,0,0,https://www.tiktok.com/@hamenangofficial/video/7679260054532459783
7679260054532459783,Hamenang,7679350935512302356,2026-08-29 14:23:56,usern0tfound131_,153,"pak desil naik jadi 8, imbasnya bpjs pbi jadi ga aktif lagi😭",0,0,https://www.tiktok.com/@hamenangofficial/video/7679260054532459783
7679260054532459783,Hamenang,7679441974851699474,2026-08-29 20:17:07,aulia.utami1811,zaaaa,"pangajuan desil lewat cek bansos dari tahun lalu setelah habis kontrak kerja ...sampai sekarang nganggur desil masih 6-10.
rumah masih numpang orang tua.
anak terancap tidak bisa pengajuan pip.
setelah d sensus jugaa masih tidak berubah.😭
solusi untuk rakyat kecil ini pak.🥹🙏",0,0,https://www.tiktok.com/@hamenangofficial/video/7679260054532459783
7679260054532459783,Hamenang,7679276954223493889,2026-08-29 09:37:42,_emboh34,@nando🫨😶‍🌫️,"la saya rumah aja masih ngontrak masuk desil 5,",2,0,https://www.tiktok.com/@hamenangofficial/video/7679260054532459783
